Time,Muscle_Length,Muscle_Velocity,Total_Force
0.0,0.3,0.15697588432670048,1303.7801445916243
0.02004008016032064,0.3031458093051443,0.1566648859360189,1313.6063204954091
0.04008016032064128,0.3062791537449306,0.1557331230551524,1324.1710574158512
0.06012024048096192,0.309387617844429,0.1541842876748527,1335.432493939721
0.08016032064128256,0.3124588847138626,0.15202451685640028,1347.3460080710875
0.1002004008016032,0.31548078485270153,0.14926236841428242,1359.8643940402517
0.12024048096192384,0.31844134436974564,0.1459087870069622,1372.938049350534
0.1402805611222445,0.3213288324281309,0.14197706077006877,1386.5151713218067
0.16032064128256512,0.32413180772726347,0.1374827686638671,1400.5419623519565
0.18036072144288576,0.32683916383750433,0.13244371874363026,1414.9628430829753
0.2004008016032064,0.3294401732079701,0.1268798775975064,1429.7206726270272
0.22044088176352705,0.33192452967307573,0.12081329123147633,1444.7569749798818
0.24048096192384769,0.334282389289392,0.11426799771489193,1460.0121707245614
0.2605210420841683,0.3365044093410073,0.10726993193270395,1475.425813107142
0.280561122244489,0.33858178535883904,0.09984682282181545,1490.9368275492477
0.3006012024048096,0.34050628600721233,0.09202808349874125,1506.4837536482105
0.32064128256513025,0.34227028569946993,0.08384469471389089,1522.004988706046
0.3406813627254509,0.3438667948133803,0.07532908209433842,1537.4390318222177
0.3607214428857715,0.34528948738661785,0.06651498766144215,1552.724727583051
0.3807615230460922,0.3465327261825763,0.05743733613239321,1567.8015083822374
0.4008016032064128,0.3475915850271948,0.04813209653555539,1582.6096344121402
0.42084168336673344,0.3484618683282899,0.03863613968775503,1597.0904303751759
0.4408817635270541,0.3491401277000507,0.02898709209844874,1611.1865179770912
0.4609218436873747,0.34962367562682495,0.019223186879493426,1624.842043281108
0.48096192384769537,0.3499105961120544,0.009383112251340364,1638.0028980219877
0.501002004008016,0.3499997522701653,-0.0004941417540376136,1650.616934003043
0.5210420841683366,0.3498907908313314,-0.010369437786181379,1662.634169726721
0.5410821643286573,0.3495841435412602,-0.02020364625283655,1674.0069884398263
0.561122244488978,0.3490810254504562,-0.029957800365949083,1684.690326808805
0.5811623246492986,0.3483834300997392,-0.039593250542568015,1694.6418534774277
0.6012024048096192,0.34749412162109483,-0.049071817548835384,1703.8221367993285
0.6212424849699398,0.3464166237851566,-0.05835594378032205,1712.1948010808724
0.6412825651302605,0.3451552060387172,-0.06740884207918185,1719.7266707151289
0.6613226452905812,0.34371486658759415,-0.07619464149856547,1726.3879016359895
0.6813627254509018,0.3421013125918809,-0.0846785294366228,1732.1520995714213
0.7014028056112224,0.3403209375520582,-0.09282688957697616,1736.9964246273948
0.721442885771543,0.33838079597556925,-0.10060743508906356,1740.9016817880372
0.7414829659318637,0.33628857542424007,-0.10798933656053578,1743.85239697339
0.7615230460921844,0.3340525660533033,-0.11494334415486485,1745.8368783534909
0.781563126252505,0.3316816277627224,-0.12144190351006046,1746.8472626757427
0.8016032064128256,0.32918515509097634,-0.12745926491927229,1746.8795464220193
0.8216432865731462,0.32657303999040693,-0.13297158536072828,1745.9336016721313
0.8416833667334669,0.3238556326316285,-0.13795702297262302,1744.0131766106642
0.8617234468937875,0.32104370039230584,-0.14239582359869019,1741.1258806752803
0.8817635270541082,0.31814838519280325,-0.14627039906152284,1737.2831544053133
0.9018036072144289,0.3151811593477558,-0.14956539685345582,1732.5002241100874
0.9218436873747494,0.3121537801084964,-0.15226776096891204,1726.7960415366292
0.9418837675350701,0.3090782430764567,-0.15436678363715384,1720.1932087758128
0.9619238476953907,0.30596673467213753,-0.15585414775042494,1712.717888704444
0.9819639278557114,0.30283158384798275,-0.15672395981945098,1704.399701318262
1.002004008016032,0.2996852132364882,-0.15697277332561743,1695.5863931299984
1.0220440881763526,0.29654008992711633,-0.15659960237736126,1688.8296828259342
1.0420841683366733,0.2934086760670549,-0.15560592561664066,1681.3247591549107
1.062124248496994,0.2903033794815596,-0.15399568035999867,1673.1013594131177
1.0821643286573146,0.2872365045095399,-0.15177524699746492,1664.1920677659111
1.1022044088176353,0.2842202032491963,-0.14895342371106945,1654.6321861372294
1.122244488977956,0.28126642740689184,-0.1455413916131798,1644.4595943302584
1.1422845691382766,0.27838688094005076,-0.14155267044278208,1633.7145999335794
1.1623246492985972,0.27559297368173025,-0.13700306499524384,1622.439778607515
1.1823647294589177,0.2728957761306222,-0.13191060249784847,1610.679805383555
1.2024048096192383,0.2703059755856241,-0.1262954611792253,1598.48127764528
1.222444889779559,0.26783383379878956,-0.12017989031569254,1585.8925304921947
1.2424849699398797,0.265489146314454,-0.1135881220713868,1572.9634452181415
1.2625250501002003,0.2632812036556478,-0.10654627548140372,1559.7452516630503
1.282565130260521,0.26121875451159215,-0.09908225295846851,1546.29032522127
1.3026052104208417,0.25930997107214204,-0.09122562973323411,1532.6519793108268
1.3226452905811623,0.2575624166465327,-0.08300753666621574,1518.8842541258352
1.342685370741483,0.2559830156947386,-0.07446053689574406,1505.0417025091572
1.3627254509018036,0.2545780263901902,-0.06561849681072474,1491.1791737937863
1.3827655310621243,0.25335301582256525,-0.056516451859423,1477.3515964694093
1.4028056112224447,0.2523128379389108,-0.04719046772598645,1463.6137605353047
1.4228456913827654,0.2514616143105017,-0.037677497424818185,1450.020100402026
1.442885771543086,0.25080271780164354,-0.028015234878991713,1436.6244792020268
1.4629258517034067,0.25033875920513127,-0.018241965562930673,1423.4799753639259
1.4829659318637274,0.2500715768973177,-0.008396414801127072,1410.6386722960442
1.503006012024048,0.2500022295537835,0.0014824056759801252,1398.151452012592
1.5230460921843687,0.2501309919544712,0.011355352310983058,1386.0677935202136
1.5430861723446894,0.25045735389490503,0.02118330482081099,1374.4355767637965
1.56312625250501,0.2509800222078103,0.030927321205839853,1363.3008929083207
1.5831663326653307,0.25169692588712306,0.04054879205255979,1352.7078617085463
1.6032064128256511,0.2526052242940853,0.05000959351841949,1342.698456690146
1.6232464929859718,0.2537013184129114,0.0592722383926505,1333.3123388350098
1.6432865731462925,0.254980865111426,0.0683000246345351,1324.586699429683
1.6633266533066131,0.2564387943501673,0.07705718080051938,1316.5561126996854
1.6833667334669338,0.25806932927176746,0.08550900778396908,1309.2523988135738
1.7034068136272544,0.25986600909100777,0.09362201630592626,1302.7044977996077
1.723446893787575,0.26182171469485066,0.10136405961206663,1296.938354874618
1.7434869739478958,0.26392869685101045,0.10870446085009267,1291.9768176394052
1.7635270541082164,0.26617860691329126,0.1156141346228221,1287.8395455480547
1.783567134268537,0.26856252990202534,0.12206570223533397,1284.5429320098833
1.8036072144288577,0.2710710198285351,0.12803360017953125,1282.100039432656
1.8236472945891782,0.27369413712364987,0.1334941814262658,1280.5205474644674
1.8436873747494988,0.2764214880219726,0.13842580912364522,1279.8107146393886
1.8637274549098195,0.27924226574584005,0.1428089423302783,1279.9733535788323
1.8837675350701402,0.28214529332579136,0.14662621344375815,1281.007819846885
1.9038076152304608,0.28511906788787444,0.1498624970175486,1282.9100145038133
1.9238476953907815,0.28815180623230635,0.15250496969361915,1285.6724003475888
1.9438877755511021,0.29123149152288924,0.15454316101336385,1289.2840317790735
1.9639278557114228,0.29434592090218065,0.1559689949054377,1293.7305981725642
1.9839679358717435,0.2974827538437485,0.1567768216861669,1298.9944805797882
2.004008016032064,0.3006295610499228,0.15696344044567834,1305.6843825926705
2.024048096192385,0.3037738737012908,0.15652811173110592,1315.6614814399898
2.0440881763527052,0.3069032328627927,0.15547256047656788,1326.3689979926683
2.064128256513026,0.31000523885065223,0.15380096916835306,1337.7645050915153
2.0841683366733466,0.3130676003645303,0.15151996127233414,1349.8028495031733
2.1042084168336674,0.3160781831902248,0.14863857498935662,1362.4363308339784
2.124248496993988,0.3190250582799354,0.14516822744250835,1375.6148905366706
2.1442885771543083,0.3218965490195838,0.1411226694382508,1389.286310260938
2.164328657314629,0.32468127749589737,0.1365179309806095,1403.3964187619301
2.1843687374749496,0.3273682095799289,0.1313722577543377,1417.8893065468644
2.2044088176352705,0.3299466986483759,0.12570603882874565,1432.7075474091957
2.224448897795591,0.3324065277694577,0.11954172586861134,1447.7924259726092
2.244488977955912,0.334737950186196,0.11290374417236748,1463.0841703431288
2.2645290581162323,0.33693172793668685,0.105818395889969,1478.5221889475995
2.284569138276553,0.3389791684583391,0.09831375580402657,1494.045310619984
2.3046092184368736,0.34087215903103657,0.09041956008705831,1509.5920269842868
2.3246492985971945,0.3426031989227503,0.08216708847576015,1525.100736173551
2.344689378757515,0.3441654291102253,0.07358904032901847,1540.5099869194028
2.3647294589178354,0.3455526594569795,0.06471940506095208,1555.7587220447485
2.3847695390781563,0.34675939324092486,0.05559332746219425,1570.7865203950319
2.4048096192384767,0.3477808489344221,0.04624696844316567,1585.5338362493094
2.4248496993987976,0.3486129791504707,0.03671736175114759,1599.9422352624774
2.444889779559118,0.34925248667995906,0.027042267228761574,1613.9546260039251
2.464929859719439,0.34969683755643316,0.017260021195502517,1627.5154861749213
2.4849699398797593,0.3499442710966125,0.007409384544946107,1640.571082608655
2.50501002004008,0.34999380687687187,-0.0024706108402892113,1653.0696841809772
2.5250501002004007,0.3498452486180438,-0.012340816747371974,1664.9617667883463
2.5450901803607215,0.3494991849631496,-0.022162123753011187,1676.200209580713
2.565130260521042,0.34895698714497725,-0.031895616189538956,1686.7404816718556
2.5851703406813624,0.3482208035527472,-0.041502726343246366,1696.5408185872996
2.6052104208416833,0.3472935512193962,-0.05094538727397868,1705.5623877506623
2.6252505010020037,0.34617890426320896,-0.06018618365050976,1713.7694423527641
2.6452905811623246,0.3448812793295963,-0.06918850000398358,1721.1294629937684
2.665330661322645,0.3434058180907046,-0.07791666581201895,1727.6132865371374
2.685370741482966,0.3417583668722008,-0.08633609683853649,1733.1952216647733
2.7054108216432864,0.3399454534879576,-0.09441343216940723,1737.8531506756317
2.7254509018036073,0.337974261374429,-0.1021166664007449,1741.5686171242182
2.7454909819639277,0.3358526011272063,-0.10941527645622706,1744.3268989519029
2.7655310621242486,0.3335888795525362,-0.11628034253085673,1746.1170668211796
2.785571142284569,0.33119206635643045,-0.12268466268199774,1746.9320274217885
2.8056112224448895,0.32867165860335795,-0.12860286061354742,1746.7685515770079
2.8256513026052104,0.3260376430853464,-0.1340114862262709,1745.6272870388777
2.845691382765531,0.32330045675060154,-0.1388891085358086,1743.5127559215657
2.8657314629258517,0.3204709453484403,-0.14321640059017682,1740.4333367830418
2.885771543086172,0.31756032045440197,-0.14697621605037714,1736.4012314261777
2.905811623246493,0.31458011504582,-0.1501536571304971,1731.4324165505814
2.9258517034068134,0.311542137803881,-0.15273613362835015,1725.5465804470807
2.9458917835671343,0.3084584263232409,-0.15471341281247408,1718.7670449853156
2.9659318637274548,0.30534119941460347,-0.15607765996803646,1711.120673203856
2.9859719438877756,0.3022028086892515,-0.1568234694408961,1702.6377628688745
3.006012024048096,0.2990556896173731,-0.1569478860568072,1694.2962368057551
3.0260521042084165,0.29591231225410897,-0.1564504168308991,1687.3876455468417
3.0460921843687374,0.2927851318285596,-0.15533303292108958,1679.7365548084808
3.066132264529058,0.2896865393915402,-0.15360016181762504,1671.3732810551119
3.0861723446893787,0.28662881271763274,-0.15125866979969071,1662.3309626848788
3.106212424849699,0.2836240676560816,-0.14831783472870086,1652.6454287230392
3.12625250501002,0.28068421012329603,-0.14478930928593226,1642.3550568540072
3.1462925851703405,0.2778208889271865,-0.14068707480028575,1631.5006213547304
3.1663326653306614,0.27504544961025856,-0.13602738584906238,1620.1251315318452
3.186372745490982,0.2723688894943583,-0.13082870585130024,1608.273661302842
3.2064128256513023,0.2698018141051965,-0.12511163390881563,1595.9931705964127
3.226452905811623,0.2673543951493156,-0.11889882318494749,1583.3323192798155
3.2464929859719436,0.26503633021000816,-0.1122148911442924,1570.3412743503818
3.2665330661322645,0.26285680432188907,-0.10508632200913048,1557.0715111551913
3.286573146292585,0.2608244535763756,-0.09754136181915918,1543.5756094267
3.306613226452906,0.2589473309022835,-0.08960990651013567,1529.9070449422366
3.3266533066132262,0.25723287415713164,-0.08132338345508927,1516.1199776331248
3.346693386773547,0.25568787665558657,-0.07271462693739039,1502.2690369829113
3.3667334669338675,0.25431846025182536,-0.06381774804913576,1488.4091055650706
3.3867735470941884,0.25313005108247494,-0.05466799953029167,1474.5951015778146
3.406813627254509,0.2521273580662425,-0.045301636084276176,1460.8817612378302
3.4268537074148293,0.2513143542454298,-0.03575577072332781,1447.3234218950195
3.44689378757515,0.2506942610432634,-0.026068227712968906,1433.973806727738
3.4669338677354706,0.250269535499419,-0.016277392698219373,1420.8858118716123
3.4869739478957915,0.25004186053431676,-0.00642206060539241,1408.1112968253742
3.507014028056112,0.25001213828076596,0.0034587180778000715,1395.7008789642819
3.527054108216433,0.2501804865093789,0.01332579203481199,1383.703732975243
3.5470941883767533,0.2505462381619207,0.023140064252303638,1372.1673960084618
3.567134268537074,0.2511079439944412,0.03286264693705743,1361.1375793175607
3.5871743486973946,0.25186337831971856,0.042455015603843016,1350.6579871346335
3.6072144288577155,0.2528095478262586,0.05187916172376106,1340.770143497816
3.627254509018036,0.25394270343890735,0.06109774332814233,1331.5132277176367
3.6472945891783564,0.2552583551740799,0.07007423297132043,1322.9239191340093
3.6673346693386772,0.25675128993074386,0.07877306246592486,1315.0362517790816
3.6873747494989977,0.25841559214666204,0.08715976381726165,1307.881479521747
3.7074148296593186,0.26024466723804895,0.0952011057983313,1301.4879522281838
3.727454909819639,0.26223126772976146,0.10286522562426814,1295.8810034291878
3.74749498997996,0.2643675219724886,0.11012175520456502,1291.082849939271
3.7675350701402803,0.2666449653331508,0.11694194147270398,1287.1125038254218
3.787575150300601,0.26905457373492164,0.12329876031651654,1283.9856970741976
3.8076152304609217,0.27158679941397307,0.12916702365772714,1281.714819255787
3.8276553106212425,0.27423160875126346,0.13452347925650798,1280.308868431892
3.847695390781563,0.2769785220294643,0.1393469028454657,1279.7734155020964
3.8677354709418834,0.27981665495749447,0.14361818222810374,1280.1105821298595
3.8877755511022043,0.28273476179812584,0.14732039300842903,1281.3190323357155
3.9078156312625247,0.2857212799277722,0.15043886565168485,1283.3939777909384
3.9278557114228456,0.28876437565190083,0.15296124361053653,1286.327196790631
3.947895791583166,0.29185199109452714,0.1548775322862621,1290.1070668312268
3.967935871743487,0.29497189197599955,0.15618013863109592,1294.7186106631293
3.9879759519038074,0.2981117160897614,0.15686390123468286,1300.1435556361691
4.008016032064128,0.3012590222860068,0.1569261107755242,1307.6194283886152
4.028056112224449,0.30440133976813916,0.15636652075630852,1317.7458683590319
4.04809619238477,0.3075262175067006,0.15518734848061477,1328.5944669193334
4.06813627254509,0.3106212735749774,0.1533932662671429,1340.1222378910034
4.0881763527054105,0.3136742442107945,0.15099138293625725,1352.283503962062
4.108216432865731,0.316673032410098,0.14799121564218343,1365.0300776775646
4.128256513026052,0.31960575585977985,0.14440465216250864,1378.3114523762038
4.148296593186372,0.3224607940198177,0.1402459037944075,1392.075002316444
4.168336673346693,0.32522683416817294,0.135531449044187,1406.266191199285
4.188376753507014,0.32789291622599764,0.1302799683333138,1420.8287882613506
4.208416833667335,0.3304484761855403,0.12451226997966991,1435.7050910820337
4.228456913827655,0.3328833879686697,0.11825120774723352,1450.8361542219673
4.248496993987976,0.3351880035501589,0.11152159029099984,1466.1620227867268
4.268537074148297,0.3373531911867459,0.10435008285586278,1481.621969990409
4.288577154308617,0.33937037160049405,0.09676510161900609,1497.1547377777247
4.3086172344689375,0.34123155197307875,0.08879670109443794,1512.6987795511889
4.328657314629258,0.3429293576163032,0.08047645504586676,1528.1925040415763
4.348697394789579,0.34445706119335406,0.0718373313797045,1543.5745193554317
4.368737474949899,0.3458086093750088,0.06291356151395533,1558.7838762325823
4.38877755511022,0.3469786468251759,0.053740504740641626,1573.7603095497257
4.408817635270541,0.3479625374207259,0.04435450811914343,1588.4444771132485
4.428857715430862,0.3487563826215343,0.03479276245563234,1602.7781947950625
4.448897795591182,0.3493570369179456,0.025093154939295204,1616.7046670797179
4.468937875751503,0.3497621202944519,0.015294119019204189,1630.1687121093505
4.488977955911824,0.3499700276601983,0.005434482116712047,1643.116980334705
4.509018036072144,0.3499799352089494,-0.004446688223223916,1655.498165905878
4.529058116232465,0.3497918036833156,-0.014310239132159452,1667.263209965146
4.5490981963927855,0.3494063785303057,-0.024117087556383865,1678.365495036397
4.569138276553106,0.34882518694758874,-0.03382837511850312,1688.7610297408949
4.589178356713426,0.3480505318321693,-0.04340562208876797,1698.4086231074677
4.609218436873747,0.3470854826554538,-0.05281087985605204,1707.2700477864266
4.629258517034068,0.34593386330086456,-0.06200688129436216,1715.3101915205466
4.649298597194389,0.34460023691219277,-0.07095718842903409,1722.497196272871
4.669338677354709,0.343089887812727,-0.07962633681752962,1728.802584460093
4.68937875751503,0.3414088005668009,-0.08797997607272556,1734.2013717913096
4.709418837675351,0.3395636362667259,-0.09598500597192583,1738.672166265085
4.729458917835671,0.33756170613906844,-0.10360970761223776,1742.1972529325026
4.749498997995992,0.3354109425748527,-0.11082386909264486,1744.762664090364
4.7695390781563125,0.3331198676984814,-0.11759890522478322,1746.3582346264232
4.789579158316633,0.33069755959991143,-0.12390797079809879,1746.9776422973578
4.809619238476953,0.32815361636388835,-0.12972606695052313,1746.618432779819
4.829659318637274,0.32549811803876827,-0.13503014022326099,1745.2820293953812
4.849699398797595,0.3227415866956213,-0.1397991739071731,1742.9737274708302
4.869739478957916,0.3198949447358755,-0.14401427131876776,1739.702673356086
4.889779559118236,0.3169694716127048,-0.1476587306758903,1735.4818281829773
4.909819639278557,0.3139767591376435,-0.15071811127639556,1730.3279165084248
4.929859719438878,0.31092866554952253,-0.15318029071756722,1724.2613600455265
4.949899799599198,0.307837268527721,-0.15503551292958484,1717.3061967451438
4.969939879759519,0.304714817335912,-0.15627642683269993,1709.4899855486108
4.98997995991984,0.30157368428592934,-0.15689811546493893,1700.8436971889616
5.01002004008016,0.2984263157140707,-0.15689811546493715,1692.975275759313
5.03006012024048,0.2952851826640882,-0.15627642683270082,1685.9158988690524
5.050100200400801,0.29216273147227917,-0.15503551292958484,1678.1198541065394
5.070140280561122,0.2890713344504775,-0.15318029071756722,1669.618032297914
5.090180360721443,0.28602324086235653,-0.1507181112763929,1660.444120820204
5.110220440881763,0.2830305283872954,-0.14765873067589297,1650.634470119457
5.130260521042084,0.28010505526412444,-0.14401427131876954,1640.2279496767108
5.150300601202405,0.2772584133043787,-0.13979917390716867,1629.2657939927183
5.170340681362725,0.27450188196123193,-0.13503014022326187,1617.791439201541
5.190380761523046,0.27184638363611174,-0.1297260669505249,1605.8503509603797
5.210420841683367,0.2693024404000886,-0.12390797079809612,1593.4898442977972
5.2304609218436875,0.26688013230151864,-0.11759890522478411,1580.7588961340173
5.2505010020040075,0.2645890574251474,-0.11082386909264574,1567.707951216102
5.270541082164328,0.2624382938609317,-0.10360970761223776,1554.3887222371607
5.290581162324649,0.26043636373327406,-0.0959850059719276,1540.8539849314577
5.31062124248497,0.2585911994331991,-0.08797997607272379,1527.157368957303
5.33066132264529,0.2569101121872731,-0.07962633681752695,1513.353145396455
5.350701402805611,0.25539976308780726,-0.07095718842903409,1499.4960117119072
5.370741482965932,0.2540661366991354,-0.06200688129436127,1485.6408750162225
5.390781563126252,0.2529145173445463,-0.052810879856050263,1471.8426345091555
5.410821643286573,0.2519494681678308,-0.04340562208876886,1458.1559639466227
5.430861723446894,0.25117481305241124,-0.03382837511850667,1444.635095002956
5.4509018036072145,0.25059362146969427,-0.024117087556382977,1431.3336023848674
5.4709418837675345,0.25020819631668445,-0.014310239132161229,1418.3041915485705
5.490981963927855,0.2500200647910506,-0.004446688223224804,1405.5984898611323
5.511022044088176,0.2500299723398017,0.005434482116712047,1393.2668420337134
5.531062124248497,0.25023787970554806,0.015294119019205077,1381.3581106370898
5.551102204408817,0.25064296308205436,0.025093154939294315,1369.919482489991
5.571142284569138,0.2512436173784657,0.03479276245562968,1358.9962816873945
5.591182364729459,0.252037462579274,0.044354508119142544,1348.6317900096199
5.611222444889779,0.25302135317482405,0.053740504740641626,1338.867075423846
5.6312625250501,0.25419139062499113,0.06291356151395355,1329.7408293575404
5.651302605210421,0.25554293880664586,0.07183733137970272,1321.2892133886635
5.671342685370742,0.2570706423836967,0.0804764550458712,1313.5457159600546
5.691382765531062,0.25876844802692117,0.08879670109443616,1306.5410196857972
5.7114228456913825,0.26062962839950576,0.09676510161900254,1300.3028797752584
5.731462925851703,0.262646808813254,0.10435008285586544,1294.8560140566763
5.751503006012024,0.2648119964498411,0.1115215902910025,1290.2220050359292
5.771543086172344,0.26711661203133014,0.11825120774722908,1286.419214378624
5.791583166332665,0.2695515238144595,0.12451226997966991,1283.4627101543317
5.811623246492986,0.27210708377400233,0.13027996833331734,1281.3642071313582
5.831663326653306,0.27477316583182687,0.13553144904418346,1280.1320203584244
5.851703406813627,0.277539205980182,0.14024590379441015,1279.7710322173514
5.871743486973948,0.28039424414022013,0.1444046521625113,1280.2826730773013
5.891783567134269,0.28332696758990195,0.14799121564217899,1281.6649156270803
5.911823647294589,0.28632575578920516,0.15099138293625725,1283.9122829080886
5.9318637274549095,0.28937872642502244,0.15339326626714556,1287.015870016113
5.95190380761523,0.29247378249329925,0.1551873484806121,1290.9633793858334
5.971943887775551,0.29559866023186065,0.1563665207563103,1295.7391695183335
5.991983967935871,0.298740977713993,0.15692611077552776,1301.3243169585764
6.012024048096192,0.3018882839102385,0.15686390123468108,1309.584975187364
6.032064128256513,0.3050281080240003,0.15618013863109503,1319.859150783132
6.052104208416833,0.30814800890547267,0.1548775322862621,1330.8471113585904
6.072144288577154,0.311235624348099,0.15296124361053476,1342.5053185311285
6.092184368737475,0.3142787200722276,0.15043886565169018,1354.78757815207
6.112224448897796,0.3172652382018742,0.14732039300842992,1367.6452233450852
6.132264529058116,0.3201833450425053,0.14361818222810196,1381.0273073423884
6.152304609218437,0.32302147797053554,0.13934690284546747,1394.8808053547723
6.1723446893787575,0.3257683912487365,0.1345234792565062,1409.1508246755768
6.192384769539078,0.32841320058602685,0.12916702365772714,1423.7808221859216
6.212424849699398,0.33094542626507817,0.12329876031651565,1438.7128283995899
6.232464929859719,0.3333550346668491,0.11694194147270665,1453.8876771596642
6.25250501002004,0.3356324780275114,0.11012175520456324,1469.24524007683
6.27254509018036,0.33776873227023835,0.10286522562426903,1484.7246647803788
6.292585170340681,0.33975533276195097,0.09520110579833307,1500.2646160379365
6.312625250501002,0.3415844078533379,0.08715976381726165,1515.8035187884366
6.332665330661323,0.34324871006925606,0.07877306246592397,1531.2798021253632
6.352705410821643,0.34474164482591996,0.0700742329713222,1546.632143263607
6.372745490981964,0.34605729656109263,0.061097743328144105,1561.799710523098
6.3927855711422845,0.3471904521737414,0.05187916172375928,1576.722404366525
6.4128256513026045,0.34813662168028137,0.04245501560384213,1591.3410955360414
6.432865731462925,0.3488920560055587,0.032862646937058315,1605.5978593453533
6.452905811623246,0.3494537618380793,0.023140064252306303,1619.4362051988553
6.472945891783567,0.34981951349062107,0.013325792034809325,1632.8013004283514
6.492985971943887,0.349987861719234,0.003458718077801848,1645.6401875604497
6.513026052104208,0.3499581394656832,-0.006422060605393298,1657.901994153791
6.533066132264529,0.349730464500581,-0.016277392698219373,1669.5381343745173
6.55310621242485,0.34930573895673656,-0.02606822771296713,1680.5025015114188
6.57314629258517,0.34868564575457023,-0.03575577072332692,1690.7516506678694
6.593186372745491,0.3478726419337575,-0.04530163608427529,1700.2449709066166
6.613226452905812,0.3468699489175251,-0.05466799953029167,1708.94484616544
6.633266533066132,0.3456815397481747,-0.06381774804913931,1716.8168043059484
6.6533066132264524,0.3443121233444134,-0.07271462693739217,1723.8296537049805
6.673346693386773,0.34276712584286834,-0.08132338345508572,1729.9556068474624
6.693386773547094,0.34105266909771653,-0.08960990651013567,1735.170390430819
6.713426853707414,0.33917554642362446,-0.09754136181916273,1739.4533415448268
6.733466933867735,0.3371431956781109,-0.10508632200913048,1742.787489545746
6.753507014028056,0.3349636697899919,-0.11221489114428884,1745.1596233003368
6.773547094188377,0.3326456048506845,-0.11889882318494926,1746.5603435332403
6.793587174348697,0.3301981858948036,-0.12511163390881563,1746.9841000704305
6.813627254509018,0.32763111050564186,-0.1308287058512967,1746.4292138310466
6.833667334669339,0.3249545503897416,-0.13602738584906682,1744.8978834805582
6.853707414829659,0.3221791110728136,-0.14068707480028841,1742.3961767188014
6.8737474949899795,0.31931578987670406,-0.1447893092859287,1738.9340062375231
6.8937875751503,0.3163759323439186,-0.14831783472870352,1734.5250904426352
6.913827655310621,0.3133711872823672,-0.15125866979969338,1729.186899096718
6.933867735470941,0.31031346060846,-0.1536001618176197,1722.9405840974046
6.953907815631262,0.3072148681714406,-0.15533303292109313,1715.8108956656883
6.973947895791583,0.30408768774589107,-0.1564504168309,1707.8260842762984
6.993987975951904,0.3009443103826269,-0.1569478860568001,1699.0177887188809
7.014028056112224,0.2977971913107488,-0.15682346944089876,1691.623719422621
7.034068136272545,0.29465880058539656,-0.15607765996803913,1684.414676130842
7.054108216432866,0.29154157367675915,-0.15471341281246875,1676.4749133691043
7.074148296593186,0.2884578621961193,-0.15273613362835192,1667.8358914276785
7.0941883767535066,0.28541988495418,-0.15015365713050066,1658.531841321486
7.114228456913827,0.2824396795455982,-0.14697621605037092,1648.5996291541599
7.134268537074148,0.27952905465155986,-0.14321640059018037,1638.078610040845
7.154308617234468,0.2766995432493986,-0.1388891085358095,1627.010472168559
7.174348697394789,0.27396235691465376,-0.13401148622627002,1615.4390716121452
7.19438877755511,0.2713283413966422,-0.12860286061355009,1603.4102585602218
7.214428857715431,0.26880793364356953,-0.12268466268199862,1590.9716956396373
7.234468937875751,0.2664111204474639,-0.11628034253085673,1578.1726690584987
7.254509018036072,0.2641473988727938,-0.10941527645622617,1565.0638933158702
7.274549098196393,0.262025738625571,-0.1021166664007449,1551.697310252073
7.294589178356713,0.2600545465120425,-0.09441343216940634,1538.125883235843
7.314629258517034,0.25824163312779924,-0.08633609683853916,1524.4033873037724
7.3346693386773545,0.2565941819092954,-0.07791666581201628,1510.5841960836115
7.354709418837675,0.25511872067040375,-0.06918850000398269,1496.7230663457858
7.374749498997995,0.25382109573679107,-0.06018618365051065,1482.8749210367207
7.394789579158316,0.2527064487806038,-0.05094538727397868,1469.094631653681
7.414829659318637,0.25177919644725283,-0.041502726343246366,1455.4368008235638
7.434869739478958,0.25104301285502273,-0.03189561618954073,1441.9555459469714
7.454909819639278,0.2505008150368504,-0.02216212375300941,1428.7042847649627
7.474949899799599,0.25015475138195625,-0.012340816747371086,1415.7355236981266
7.49498997995992,0.2500061931231281,-0.0024706108402909877,1403.10064979662
7.51503006012024,0.25005572890338745,0.007409384544946107,1390.8497271255924
7.535070140280561,0.2503031624435668,0.01726002119550163,1379.0312983927568
7.5551102204408815,0.25074751332004086,0.027042267228762462,1367.6921926041286
7.575150300601202,0.25138702084952924,0.03671736175114759,1356.8773395101239
7.595190380761522,0.2522191510655778,0.046246968443168335,1346.629591577195
7.615230460921843,0.25324060675907506,0.05559332746219159,1336.9895541904107
7.635270541082164,0.2544473405430204,0.06471940506095475,1327.9954247598473
7.655310621242485,0.2558345708897747,0.07358904032901936,1319.6828413682751
7.675350701402805,0.25739680107724955,0.08216708847575749,1312.0847415598023
7.695390781563126,0.25912784096896335,0.09041956008706187,1305.2312318290994
7.715430861723447,0.2610208315416609,0.0983137558040239,1299.1494683282917
7.735470941883767,0.26306827206331296,0.105818395889969,1293.8635492641647
7.755511022044088,0.2652620498138039,0.1129037441723666,1289.3944194121495
7.775551102204409,0.26759347223054214,0.11954172586861045,1285.7597871253213
7.7955911823647295,0.27005330135162403,0.12570603882874742,1282.9740541673136
7.8156312625250495,0.272631790420071,0.13137225775433858,1281.048258647219
7.83567134268537,0.2753187225041025,0.13651793098060683,1279.9900312824466
7.855711422845691,0.27810345098041606,0.14112266943824991,1279.8035651630196
7.875751503006012,0.2809749417200645,0.14516822744250923,1280.4895991369924
7.895791583166332,0.2839218168097751,0.1486385749893584,1282.0454148828524
7.915831663326653,0.28693239963546957,0.15151996127233414,1284.4648476805214
7.935871743486974,0.28999476114934764,0.15380096916835395,1287.7383108382528
7.955911823647294,0.2930967671372071,0.15547256047656965,1291.8528336787022
7.975951903807615,0.2962261262987091,0.15652811173110148,1296.7921129335414
7.995991983967936,0.299370438950077,0.15696344044567923,1302.536577343055
8.016032064128256,0.30251724615625125,0.1567768216861687,1311.580711361043
8.036072144288577,0.30565407909781916,0.1559689949054368,1322.0009936616614
8.056112224448897,0.3087685084771105,0.15454316101336651,1333.1265741646234
8.076152304609218,0.3118481937676936,0.15250496969362182,1344.9133691860536
8.09619238476954,0.3148809321121255,0.14986249701754595,1357.3146750644441
8.11623246492986,0.31785470667420856,0.14662621344375903,1370.2813532179268
8.13627254509018,0.3207577342541597,0.1428089423302783,1383.7620248496312
8.1563126252505,0.3235785119780271,0.13842580912364255,1397.703274529528
8.176352705410821,0.3263058628763499,0.13349418142626845,1412.0498618462143
8.196392785571142,0.3289289801714648,0.1280336001795348,1426.7449402899758
8.216432865731463,0.3314374700979746,0.1220657022353322,1441.7302824997587
8.236472945891784,0.33382139308670866,0.1156141346228221,1456.9465109815983
8.256513026052104,0.3360713031489896,0.10870446085009533,1472.3333333843495
8.276553106212425,0.3381782853051494,0.10136405961206307,1487.8297814003693
8.296593186372744,0.340133990908992,0.09362201630592715,1503.374452344567
8.316633266533065,0.34193067072823247,0.08550900778397263,1518.9057524547316
8.336673346693386,0.3435612056498326,0.07705718080051938,1534.3621409488485
8.356713426853707,0.34501913488857394,0.0683000246345351,1549.682373872553
8.376753507014028,0.3462986815870886,0.05927223839265139,1564.8057467704516
8.396793587174349,0.3473947757059147,0.05000959351841949,1579.6723352197198
8.41683366733467,0.3483030741128769,0.040548792052561566,1594.223232272929
8.436873747494989,0.34901997779218963,0.03092732120584074,1608.4007818692678
8.45691382765531,0.34954264610509495,0.02118330482081099,1622.1488072892712
8.47695390781563,0.34986900804552873,0.01135535231098217,1635.4128337478585
8.496993987975952,0.3499977704462165,0.0014824056759827897,1648.140304243671
8.517034068136272,0.34992842310268235,-0.00839641480112796,1660.2807878094573
8.537074148296593,0.3496612407948687,-0.01824196556293245,1671.7861793382717
8.557114228456914,0.34919728219835644,-0.0280152348789926,1682.6108901938103
8.577154308617233,0.34853838568949835,-0.03767749742481641,1692.7120288495157
8.597194388777554,0.3476871620610893,-0.04719046772598645,1702.0495708407511
8.617234468937875,0.3466469841774348,-0.056516451859423,1710.5865173565833
8.637274549098196,0.3454219736098098,-0.06561849681072296,1718.2890418428333
8.657314629258517,0.34401698430526145,-0.0744605368957405,1725.12662403546
8.677354709418838,0.3424375833534674,-0.08300753666621752,1731.0721708931742
8.697394789579159,0.34069002892785794,-0.09122562973323767,1736.1021239501208
8.71743486973948,0.33878124548840777,-0.0990822529584694,1740.19655266331
8.737474949899799,0.3367187963443523,-0.10654627548140283,1743.3392333848105
8.75751503006012,0.3345108536855461,-0.11358812207138591,1745.517713645871
8.77755511022044,0.33216616620121053,-0.12017989031568987,1746.7233614982438
8.797595190380761,0.32969402441437606,-0.12629546117922352,1746.9513997171575
8.817635270541082,0.3271042238693778,-0.13191060249785025,1746.2009247304466
8.837675350701403,0.3244070263182698,-0.13700306499524117,1744.474910198861
8.857715430861724,0.32161311905994927,-0.14155267044278297,1741.7801952333266
8.877755511022043,0.31873357259310836,-0.1455413916131807,1738.1274572958012
8.897795591182364,0.3157797967508039,-0.14895342371107123,1733.5311698912508
8.917835671342685,0.3127634954904601,-0.15177524699746758,1728.009545218215
8.937875751503006,0.30969662051844044,-0.153995680359996,1721.5844620053163
8.957915831663327,0.3065913239329452,-0.15560592561663622,1714.2813788196308
8.977955911823647,0.3034599100728838,-0.15659960237736392,1706.1292331903564
8.997995991983968,0.3003147867635117,-0.15697277332561832,1697.160326947558
9.018036072144287,0.29716841615201756,-0.15672395981945098,1690.241782078349
9.038076152304608,0.29403326532786256,-0.1558541477504276,1682.8842153437595
9.05811623246493,0.29092175692354344,-0.15436678363715117,1674.801993393526
9.07815631262525,0.2878462198915037,-0.15226776096891204,1666.0271409941474
9.098196392785571,0.2848188406522443,-0.1495653968534576,1656.5944273713103
9.118236472945892,0.2818516148071967,-0.14627039906152284,1646.5412284412969
9.138276553106213,0.2789562996076942,-0.14239582359868574,1635.9073787137454
9.158316633266534,0.27614436736837156,-0.1379570229726239,1624.7350134525232
9.178356713426853,0.2734269600095932,-0.13297158536073095,1613.0684017201004
9.198396793587174,0.2708148449090238,-0.1274592649192705,1600.9537709671358
9.218436873747494,0.2683183722372777,-0.12144190351005868,1588.4391238621286
9.238476953907815,0.26594743394669673,-0.11494334415486751,1575.5740480869777
9.258517034068136,0.2637114245757599,-0.107989336560534,1562.4095198521873
9.278557114228457,0.2616192040244308,-0.10060743508906089,1548.9977019101877
9.298597194388778,0.2596790624479418,-0.09282688957697793,1535.3917368671064
9.318637274549097,0.25789868740811916,-0.08467852943662191,1521.6455366120158
9.338677354709418,0.256285133412406,-0.07619464149856547,1507.813568698019
9.358717434869739,0.25484479396128285,-0.06740884207918452,1493.9506405215466
9.37875751503006,0.25358337621484345,-0.05835594378032294,1480.1116821550909
9.39879759519038,0.25250587837890515,-0.049071817548838936,1466.351528693859
9.418837675350701,0.2516165699002607,-0.03959325054256624,1452.7247029787293
9.438877755511022,0.25091897454954376,-0.029957800365947307,1439.2851995565218
9.458917835671341,0.2504158564587398,-0.02020364625283566,1426.086270733524
9.478957915831662,0.25010920916866863,-0.010369437786183155,1413.1802155700661
9.498997995991983,0.2500002477298347,-0.0004941417540402782,1400.61817265222
9.519038076152304,0.2500894038879456,0.009383112251341252,1388.449917461715
9.539078156312625,0.25037632437317503,0.01922318687949165,1376.7236651469855
9.559118236472946,0.25085987229994927,0.02898709209844963,1365.4858794768365
9.579158316633267,0.2515381316717101,0.03863613968775503,1354.7810887337262
9.599198396793588,0.2524084149728052,0.0481320965355545,1344.6517092761674
9.619238476953907,0.2534672738174236,0.0574373361323941,1335.1378774693549
9.639278557114228,0.25471051261338207,0.06651498766144037,1326.2772906499638
9.659318637274549,0.25613320518661964,0.0753290820943393,1318.105057755315
9.67935871743487,0.25772971430053,0.08384469471388911,1310.6535602086985
9.69939879759519,0.2594937139927876,0.09202808349874037,1303.9523236121497
9.719438877755511,0.2614182146411609,0.09984682282181723,1298.0279007550505
9.739478957915832,0.26349559065899275,0.10726993193270307,1292.9037664021066
9.759519038076151,0.26571761071060773,0.11426799771489105,1288.6002242776017
9.779559118236472,0.26807547032692414,0.12081329123147722,1285.1343266145018
9.799599198396793,0.2705598267920297,0.12687987759750552,1282.5198065871778
9.819639278557114,0.27316083616249554,0.13244371874362937,1280.7670238954545
9.839679358717435,0.27586819227273635,0.13748276866386888,1279.8829237156365
9.859719438877756,0.2786711675718691,0.14197706077007055,1279.8710091811502
9.879759519038076,0.2815586556302543,0.14590878700696308,1280.7313275018048
9.899799599198396,0.2845192151472983,0.1492623684142833,1282.4604697767425
9.919839679358716,0.2875411152861372,0.15202451685639673,1285.0515845017783
9.939879759519037,0.2906123821555708,0.15418428767485182,1288.4944047175768
9.959919839679358,0.29372084625506917,0.15573312305515508,1292.7752886911944
9.97995991983968,0.29685419069485564,0.15666488593602068,1297.8772739696853
10.0,0.29999999999999993,0.15697588432669857,1303.7801445916268
